epoch,global_step,lr-AdamW,lr_abs,step,train/loss
,,4.9009951e-09,,49,
,,4.9009951e-09,,49,
0,49.0,,4.900995165257882e-09,49,0.2478494942188263
